{"cameraMode":{"drawMode":0,"name":"Shaded","section":"Shading Mode"},"sceneLighting":false,"audioPlay":false,"sceneViewState":{"showFog":true,"showMaterialUpdate":false,"showSkybox":true,"showFlares":true,"showImageEffects":true,"showParticleSystems":true},"in2DMode":false,"pivot":{"x":-17.27010726928711,"y":3.525397777557373,"z":21.160844802856447},"rotation":{"x":0.01661602035164833,"y":0.981004536151886,"z":-0.16671344637870789,"w":0.09777868539094925},"size":3.7398722171783449,"orthographic":false}