{"cameraMode":{"drawMode":0,"name":"Shaded","section":"Shading Mode"},"sceneLighting":false,"audioPlay":false,"sceneViewState":{"showFog":true,"showMaterialUpdate":false,"showSkybox":false,"showFlares":true,"showImageEffects":true,"showParticleSystems":true},"in2DMode":false,"pivot":{"x":-0.019999995827674867,"y":6.480000019073486,"z":-27.3799991607666},"rotation":{"x":0.3546993136405945,"y":0.558384358882904,"z":-0.2856331169605255,"w":0.6934040188789368},"size":2.8578836917877199,"orthographic":false}