{"cameraMode":{"drawMode":0,"name":"Shaded","section":"Shading Mode"},"sceneLighting":false,"audioPlay":false,"sceneViewState":{"showFog":true,"showMaterialUpdate":false,"showSkybox":true,"showFlares":true,"showImageEffects":true,"showParticleSystems":true},"in2DMode":false,"pivot":{"x":-0.34438562393188479,"y":-4.045372009277344,"z":-6.364459991455078},"rotation":{"x":-0.23996016383171082,"y":-0.08661718666553498,"z":0.02150130458176136,"w":-0.9666717648506165},"size":37.003517150878909,"orthographic":false}