{"cameraMode":{"drawMode":0,"name":"Shaded","section":"Shading Mode"},"sceneLighting":false,"audioPlay":false,"sceneViewState":{"showFog":true,"showMaterialUpdate":false,"showSkybox":true,"showFlares":true,"showImageEffects":true,"showParticleSystems":true},"in2DMode":false,"pivot":{"x":1.8600385189056397,"y":2.258483409881592,"z":-23.40593719482422},"rotation":{"x":-0.2713876962661743,"y":-0.4730435907840729,"z":0.15587839484214784,"w":-0.8235778212547302},"size":6.63730525970459,"orthographic":false}