{"cameraMode":{"drawMode":0,"name":"Shaded","section":"Shading Mode"},"sceneLighting":false,"audioPlay":false,"sceneViewState":{"showFog":true,"showMaterialUpdate":false,"showSkybox":true,"showFlares":true,"showImageEffects":true,"showParticleSystems":true},"in2DMode":false,"pivot":{"x":20.350000381469728,"y":1.959184169769287,"z":20.530000686645509},"rotation":{"x":-0.3507727086544037,"y":0.2701771855354309,"z":-0.10644841939210892,"w":-0.8902985453605652},"size":4.957884311676025,"orthographic":false}