{"cameraMode":{"drawMode":0,"name":"Shaded","section":"Shading Mode"},"sceneLighting":false,"audioPlay":false,"sceneViewState":{"showFog":true,"showMaterialUpdate":false,"showSkybox":true,"showFlares":true,"showImageEffects":true,"showParticleSystems":true},"in2DMode":false,"pivot":{"x":10.1899995803833,"y":2.0999999046325685,"z":3.180000066757202},"rotation":{"x":-0.025158312171697618,"y":-0.03870801255106926,"z":-0.0009749017772264779,"w":0.9989333748817444},"size":0.2857885956764221,"orthographic":false}