{"cameraMode":{"drawMode":0,"name":"Shaded","section":"Shading Mode"},"sceneLighting":false,"audioPlay":false,"sceneViewState":{"showFog":true,"showMaterialUpdate":false,"showSkybox":false,"showFlares":true,"showImageEffects":true,"showParticleSystems":true},"in2DMode":false,"pivot":{"x":11.21915340423584,"y":1.455003023147583,"z":1.2478340864181519},"rotation":{"x":0.13855178654193879,"y":0.851095974445343,"z":-0.2790573239326477,"w":0.4225708544254303},"size":3.236985921859741,"orthographic":false}