{"cameraMode":{"drawMode":0,"name":"Shaded","section":"Shading Mode"},"sceneLighting":true,"audioPlay":false,"sceneViewState":{"showFog":true,"showMaterialUpdate":false,"showSkybox":true,"showFlares":true,"showImageEffects":true,"showParticleSystems":true},"in2DMode":false,"pivot":{"x":-25.98816680908203,"y":-11.003158569335938,"z":45.138282775878909},"rotation":{"x":0.2606053054332733,"y":-0.5501148700714111,"z":0.18587002158164979,"w":0.7713046669960022},"size":103.2886962890625,"orthographic":false}